id,name,lake,stream,capacity,url
APN,Alpine,Alpine Lake,Lagunitas Creek,8892,https://cdec.water.ca.gov/dynamicapp/staMeta?station_id=APN
ANT,Antelope,Antelope,Indian Creek,22566,https://cdec.water.ca.gov/dynamicapp/staMeta?station_id=ANT
AST,Austrian,Lake Austrian,Los Gatos Creek,6200,https://cdec.water.ca.gov/dynamicapp/staMeta?station_id=AST
BRT,Barrett,Barrett Lake,Cottonwood Creek,34805,https://cdec.water.ca.gov/dynamicapp/staMeta?station_id=BRT
BAR,Bear,null,Bear Creek,7700,https://cdec.water.ca.gov/dynamicapp/staMeta?station_id=BAR
BRV,Bear Valley,Big Bear Lake,Bear Creek,74000,https://cdec.water.ca.gov/dynamicapp/staMeta?station_id=BRV
BRD,Beardsley,Beardsley Lake,M Fork Stanislaus River,97800,https://cdec.water.ca.gov/dynamicapp/staMeta?station_id=BRD
BTH,Bethany Forebay,Bethany Forebay,Delta,5250,https://cdec.water.ca.gov/dynamicapp/staMeta?station_id=BTH
BLB,Black Butte Rereg,Black Butte,Stony Creek,143700,https://cdec.water.ca.gov/dynamicapp/staMeta?station_id=BLB
BOC,Boca,Boca Reservoir,Little Truckee River,40870,https://cdec.water.ca.gov/dynamicapp/staMeta?station_id=BOC
BMP,Bon Tempe,Bon Tempe Reservoir,Lagunitas Creek,4300,https://cdec.water.ca.gov/dynamicapp/staMeta?station_id=BMP
BQC,Bouquet Canyon,Bouquet Reservoir,Bouquet Creek,36505,https://cdec.water.ca.gov/dynamicapp/staMeta?station_id=BQC
BWN,Bowman,Bowman Lake,Canyon Creek,68510,https://cdec.water.ca.gov/dynamicapp/staMeta?station_id=BWN
BWS,Bowman Spaulding Diversion,Lake Spaulding System,none,144591,https://cdec.water.ca.gov/dynamicapp/staMeta?station_id=BWS
BDP,Bridgeport,Bridgeport Reservoir,E Fork Walker River,44100,https://cdec.water.ca.gov/dynamicapp/staMeta?station_id=BDP
BIO,Briones,Briones Lake,Bear Creek,67520,https://cdec.water.ca.gov/dynamicapp/staMeta?station_id=BIO
BHC,Brush Creek,null,Brush Creek,1530,https://cdec.water.ca.gov/dynamicapp/staMeta?station_id=BHC
BUC,Buchanan,Eastman Lake,Chowchilla River,150000,https://cdec.water.ca.gov/dynamicapp/staMeta?station_id=BUC
BIL,Buck Island,null,Little Rubicon Creek,1070,https://cdec.water.ca.gov/dynamicapp/staMeta?station_id=BIL
BCL,Bucks,Bucks Lake,Bucks Creek,103000,https://cdec.water.ca.gov/dynamicapp/staMeta?station_id=BCL
BTV,Butt Valley,Butt Valley Reservoir,Butt Creek,49930,https://cdec.water.ca.gov/dynamicapp/staMeta?station_id=BTV
CCH,Cachuma,Cachuma Lake,Santa Ynez,193305,https://cdec.water.ca.gov/dynamicapp/staMeta?station_id=CCH
CVE,Calaveras,Calaveras Reservoir,Calaveras Creek,100000,https://cdec.water.ca.gov/dynamicapp/staMeta?station_id=CVE
CRO,Calero,Calero Reservoir,Calero Creek,9738,https://cdec.water.ca.gov/dynamicapp/staMeta?station_id=CRO
CMN,Camanche,Camanche Reservoir,Mokelumne River,417120,https://cdec.water.ca.gov/dynamicapp/staMeta?station_id=CMN
CMI,Camino,null,Silver Creek,275,https://cdec.water.ca.gov/dynamicapp/staMeta?station_id=CMI
CFW,Camp Far West,Camp Far West,Bear River,104500,https://cdec.water.ca.gov/dynamicapp/staMeta?station_id=CFW
ALM,Canyon,Lake Almanor,N Fork Feather River,1308000,https://cdec.water.ca.gov/dynamicapp/staMeta?station_id=ALM
CPL,Caples,Caples Lake,Silver Fork American River,22340,https://cdec.water.ca.gov/dynamicapp/staMeta?station_id=CPL
CSI,Casitas,Lake Casitas,Casitas Creek,254000,https://cdec.water.ca.gov/dynamicapp/staMeta?station_id=CSI
CAS,Castaic,Castaic Lake,Castaic Creek,325000,https://cdec.water.ca.gov/dynamicapp/staMeta?station_id=CAS
SLW,Cedar Springs,Lake Silverwood,Mojave River,78000,https://cdec.water.ca.gov/dynamicapp/staMeta?station_id=SLW
CHB,Chabot,Lake Chabot,San Leandro Creek,10281,https://cdec.water.ca.gov/dynamicapp/staMeta?station_id=CHB
CHV,Cherry Valley,Cherry Lake,Cherry Creek,273500,https://cdec.water.ca.gov/dynamicapp/staMeta?station_id=CHV
JNN,Chet Harrit,Lake Jennings,Quail Canyon Creek,9790,https://cdec.water.ca.gov/dynamicapp/staMeta?station_id=JNN
CLK,Clear Lake,Clear Lake,Lost Creek,526800,https://cdec.water.ca.gov/dynamicapp/staMeta?station_id=CLK
CLA,Clear Lake Imp,Clear Lake,Cache Creek,313000,https://cdec.water.ca.gov/dynamicapp/staMeta?station_id=CLA
CLC,Clifton Court Forebay,null,Old River,29000,https://cdec.water.ca.gov/dynamicapp/staMeta?station_id=CLC
CGS,Cogswell,Cogswell Reservoir,W Fork San Gabriel River,10438,https://cdec.water.ca.gov/dynamicapp/staMeta?station_id=CGS
CMB,Combie,Lake Combie,Bear River,5555,https://cdec.water.ca.gov/dynamicapp/staMeta?station_id=CMB
CTG,Courtright,Helms Creek,Helms Creek,123300,https://cdec.water.ca.gov/dynamicapp/staMeta?station_id=CTG
CYC,Coyote Percolation,Coyote Reservoir,Coyote Creek,22541,https://cdec.water.ca.gov/dynamicapp/staMeta?station_id=CYC
COY,Coyote Valley,Lake Mendocino,Russian River,122400,https://cdec.water.ca.gov/dynamicapp/staMeta?station_id=COY
CNV,Crane Valley Storage,Crane Valley Lake,N Fork San Joaquin River,45410,https://cdec.water.ca.gov/dynamicapp/staMeta?station_id=CNV
CUY,Cuyamaca,Cuyamaca Lake,Boulder Creek,11740,https://cdec.water.ca.gov/dynamicapp/staMeta?station_id=CUY
MHV,Davis,Lake Mohave,Colorado River,1810000,https://cdec.water.ca.gov/dynamicapp/staMeta?station_id=MHV
DLV,Del Valle,Lake Del Valle,Arroyo Valle,77100,https://cdec.water.ca.gov/dynamicapp/staMeta?station_id=DLV
DMV,Diamond Valley,Diamond Valley Lake,Domenigoni Valley Creek,810000,https://cdec.water.ca.gov/dynamicapp/staMeta?station_id=DMV
DNP,Don Pedro,New Don Pedro Reservoir,Tuolumne River,2030000,https://cdec.water.ca.gov/dynamicapp/staMeta?station_id=DNP
DON,Donnells,Donnells Reservoir,M Fork Stanislaus,64320,https://cdec.water.ca.gov/dynamicapp/staMeta?station_id=DON
DNN,Donner,Donner Lake,Truckee River,9700,https://cdec.water.ca.gov/dynamicapp/staMeta?station_id=DNN
DNL,Donner,Donner Lake,Truckee River,10300,https://cdec.water.ca.gov/dynamicapp/staMeta?station_id=DNL
DRE,Dwinnell,Lake Shastina,Shasta River,50000,https://cdec.water.ca.gov/dynamicapp/staMeta?station_id=DRE
EPK,East Park,East Park Reservoir,Stony Creek,51000,https://cdec.water.ca.gov/dynamicapp/staMeta?station_id=EPK
ELC,El Capitan,El Capitan,San Diego River,112807,https://cdec.water.ca.gov/dynamicapp/staMeta?station_id=ELC
ENR,Eleanor,Lake Eleanor,Tuolumne River,28600,https://cdec.water.ca.gov/dynamicapp/staMeta?station_id=ENR
EJC,Elmer J Chesbro,Chesbro Reservoir,Llagas Creek,7967,https://cdec.water.ca.gov/dynamicapp/staMeta?station_id=EJC
ENG,Englebright Narrows,Englebright Lake,Yuba River,70000,https://cdec.water.ca.gov/dynamicapp/staMeta?station_id=ENG
FRM,Farmington,null,Littlejohn Creek,52000,https://cdec.water.ca.gov/dynamicapp/staMeta?station_id=FRM
FLR,Florence,Florence Lake,S Fork San Joaquin River,64406,https://cdec.water.ca.gov/dynamicapp/staMeta?station_id=FLR
FOL,Folsom,Folsom Lake,American River,977000,https://cdec.water.ca.gov/dynamicapp/staMeta?station_id=FOL
FRL,French Lake,French Lake,Canyon Creek,13940,https://cdec.water.ca.gov/dynamicapp/staMeta?station_id=FRL
FMD,French Meadows,French Meadows Reservoir,M Fork American,136400,https://cdec.water.ca.gov/dynamicapp/staMeta?station_id=FMD
FRD,Frenchman,Frenchman Lake,Little Last Chance Creek,55477,https://cdec.water.ca.gov/dynamicapp/staMeta?station_id=FRD
MIL,Friant,Millerton Lake,San Joaquin River,520500,https://cdec.water.ca.gov/dynamicapp/staMeta?station_id=MIL
GLK,Gem Lake,Gem Lake,Rush Creek,17228,https://cdec.water.ca.gov/dynamicapp/staMeta?station_id=GLK
GBR,Gerber,Gerber Lake,Klamath River,94720,https://cdec.water.ca.gov/dynamicapp/staMeta?station_id=GBR
GLL,Gerle Lake,Gerle Lake,Gerle Creek,1200,https://cdec.water.ca.gov/dynamicapp/staMeta?station_id=GLL
GBL,Gibraltar,Gibraltar Lake,Santa Ynez River,9998,https://cdec.water.ca.gov/dynamicapp/staMeta?station_id=GBL
PWL,Glen Canyon,Lake Powell,Colorado River,24322000,https://cdec.water.ca.gov/dynamicapp/staMeta?station_id=PWL
GDW,Goodwin,null,Stanislaus River,500,https://cdec.water.ca.gov/dynamicapp/staMeta?station_id=GDW
GNT,Grant Lake,Grant Lake,Rush Creek,47525,https://cdec.water.ca.gov/dynamicapp/staMeta?station_id=GNT
DAV,Grizzly Valley,Lake Davis,Big Grizzly Creek,83000,https://cdec.water.ca.gov/dynamicapp/staMeta?station_id=DAV
GDR,Guadalupe,Guadalupe Reservoir,Guadalupe Creek,3320,https://cdec.water.ca.gov/dynamicapp/staMeta?station_id=GDR
HWE,Haiwee,Haiwee Reservoir,Rose Valley,46600,https://cdec.water.ca.gov/dynamicapp/staMeta?station_id=HWE
HNS,Henshaw,Lake Henshaw,San Luis Rey River,50000,https://cdec.water.ca.gov/dynamicapp/staMeta?station_id=HNS
HID,Hidden,Hensley Lake,Fresno River,90000,https://cdec.water.ca.gov/dynamicapp/staMeta?station_id=HID
MEA,Hoover,Lake Mead,Colorado River,26159008,https://cdec.water.ca.gov/dynamicapp/staMeta?station_id=MEA
HNT,Huntington,Huntington Lake,San Joaquin River,89800,https://cdec.water.ca.gov/dynamicapp/staMeta?station_id=HNT
ICH,Ice House,Ice House Reservoir,S Fork Silver Creek,43496,https://cdec.water.ca.gov/dynamicapp/staMeta?station_id=ICH
INP,Independence,Independence Lake,Independence Creek,17295,https://cdec.water.ca.gov/dynamicapp/staMeta?station_id=INP
INL,Independence,Independence Lake,Independence Creek,17500,https://cdec.water.ca.gov/dynamicapp/staMeta?station_id=INL
MMW,Indian Ole,Mountain Meadows,N Fork Feather River Tributary,24800,https://cdec.water.ca.gov/dynamicapp/staMeta?station_id=MMW
INV,Indian Valley,Indian Valley Reservoir,Cache Creek Tributary,300000,https://cdec.water.ca.gov/dynamicapp/staMeta?station_id=INV
IRC,Iron Canyon,Iron Canyon Reservoir,Pit River Tribuatary,24300,https://cdec.water.ca.gov/dynamicapp/staMeta?station_id=IRC
ISB,Isabella,Lake Isabella,Kern River,568000,https://cdec.water.ca.gov/dynamicapp/staMeta?station_id=ISB
JCK,Jackson Meadows,Jackson Meadows Res,M Fork Yuba River,69205,https://cdec.water.ca.gov/dynamicapp/staMeta?station_id=JCK
ATN,James H Turner,Lake San Antonio,Salinas River Tributary,331060,https://cdec.water.ca.gov/dynamicapp/staMeta?station_id=ATN
LNG,James J Lenihan,Lexington Reservoir,Los Gatos Creek,18534,https://cdec.water.ca.gov/dynamicapp/staMeta?station_id=LNG
JML,Juncal,Jameson Lake,Santa Ynez River,4968,https://cdec.water.ca.gov/dynamicapp/staMeta?station_id=JML
JNC,Junction,null,Silver Creek,3250,https://cdec.water.ca.gov/dynamicapp/staMeta?station_id=JNC
KNT,Kent,Kent Lake,Lagunitas Creek,32900,https://cdec.water.ca.gov/dynamicapp/staMeta?station_id=KNT
KKR,Kerckhoff,Kerckhoff Reservoir,San Joaquin,4200,https://cdec.water.ca.gov/dynamicapp/staMeta?station_id=KKR
KES,Keswick,Keswick Reservoir,Sacramento River,23772,https://cdec.water.ca.gov/dynamicapp/staMeta?station_id=KES
LGR,La Grange,La Grange Reservoir,Tuolumne River,500,https://cdec.water.ca.gov/dynamicapp/staMeta?station_id=LGR
LFY,Lafayette,Lafayette,Lafayette Creek,4250,https://cdec.water.ca.gov/dynamicapp/staMeta?station_id=LFY
LGT,Lagunitas,Lagunitas Lake,Lagunitas Creek,341,https://cdec.water.ca.gov/dynamicapp/staMeta?station_id=LGT
LEA,Lake Alpine,Lake Alpine,Silver Creek,4600,https://cdec.water.ca.gov/dynamicapp/staMeta?station_id=LEA
LKF,Lake Fordyce near Cisco,Lake Fordyce,Fordyce Creek,48900,https://cdec.water.ca.gov/dynamicapp/staMeta?station_id=LKF
HMT,Lake Hemet,Lake Hemet,San Jacinto River,14000,https://cdec.water.ca.gov/dynamicapp/staMeta?station_id=HMT
HNN,Lake Hennessey,Lake Hennessey,Conn Creek,31000,https://cdec.water.ca.gov/dynamicapp/staMeta?station_id=HNN
HDG,Lake Hodges,Lake Hodges,San Dieguito River,30251,https://cdec.water.ca.gov/dynamicapp/staMeta?station_id=HDG
LVD,Lake Loveland,Lake Loveland,Sweetwater River,25400,https://cdec.water.ca.gov/dynamicapp/staMeta?station_id=LVD
THC,Lake Tahoe,Lake Tahoe,Truckee River,732000,https://cdec.water.ca.gov/dynamicapp/staMeta?station_id=THC
LVY,Lake Valley,Lake Valley Reservoir,N Fork American River,8127,https://cdec.water.ca.gov/dynamicapp/staMeta?station_id=LVY
LRA,Leroy Anderson,Anderson Reservoir,Coyote Creek,89278,https://cdec.water.ca.gov/dynamicapp/staMeta?station_id=LRA
LEW,Lewiston,Lewiston Lake,Trinity River,14660,https://cdec.water.ca.gov/dynamicapp/staMeta?station_id=LEW
LGV,Little Grass Valley,Little Grass Valley Reservoir,S Fork Feather River,93010,https://cdec.water.ca.gov/dynamicapp/staMeta?station_id=LGV
LRK,Littlerock,null,Littlerock Creek,4600,https://cdec.water.ca.gov/dynamicapp/staMeta?station_id=LRK
CRW,Long Valley,Lake Crowley,Owens River,183465,https://cdec.water.ca.gov/dynamicapp/staMeta?station_id=CRW
LON,Loon Lake,Loon Lake,Rubicon River Tributary,69306,https://cdec.water.ca.gov/dynamicapp/staMeta?station_id=LON
LOP,Lopez Lake,Lopez Lake,Arroyo Grande Creek,49388,https://cdec.water.ca.gov/dynamicapp/staMeta?station_id=LOP
LBS,Los Banos,Los Banos Reservoir,San Joaquin River,34600,https://cdec.water.ca.gov/dynamicapp/staMeta?station_id=LBS
LVQ,Los Vaqueros,Los Vaqueros Reservoir,Kellogg Creek,160000,https://cdec.water.ca.gov/dynamicapp/staMeta?station_id=LVQ
LWB,Lower Bear River,Lower Bear Reservoir,Bear River,48750,https://cdec.water.ca.gov/dynamicapp/staMeta?station_id=LWB
CRY,Lower Crystal Springs,Crystal Springs Reservoir,San Mateo Creek,68865,https://cdec.water.ca.gov/dynamicapp/staMeta?station_id=CRY
HHL,Lower Hell Hole,Hell Hole Reservoir,Rubicon River,207600,https://cdec.water.ca.gov/dynamicapp/staMeta?station_id=HHL
LYS,Lyons,Lyons Reservoir,S Fork Stanislaus River,6228,https://cdec.water.ca.gov/dynamicapp/staMeta?station_id=LYS
SWB,Main Strawberry,Pinecrest Lake,S Fork Stanislaus,18312,https://cdec.water.ca.gov/dynamicapp/staMeta?station_id=SWB
MPL,Mammoth Pool,Mammoth Pool Reservoir,San Joaquin River,123000,https://cdec.water.ca.gov/dynamicapp/staMeta?station_id=MPL
MAR,Mariposa Creek,Mariposa Creek Dam,Mariposa Creek,15000,https://cdec.water.ca.gov/dynamicapp/staMeta?station_id=MAR
EDN,Mark Edson,Stumpy Meadows Lake,Rubicon River,20000,https://cdec.water.ca.gov/dynamicapp/staMeta?station_id=EDN
MRT,Martis Creek Reservoir,Martis Creek,Martis Creek,20400,https://cdec.water.ca.gov/dynamicapp/staMeta?station_id=MRT
MAT,Matilija,Matilija Reservoir,Matilija Creek,1800,https://cdec.water.ca.gov/dynamicapp/staMeta?station_id=MAT
MHW,Matthews,Lake Matthews,De Luz Creek Tributary,179300,https://cdec.water.ca.gov/dynamicapp/staMeta?station_id=MHW
MCO,McCloud,McCloud Reservoir,McCloud River,35300,https://cdec.water.ca.gov/dynamicapp/staMeta?station_id=MCO
MCS,McSwain,Lake McSwain,Merced River,9730,https://cdec.water.ca.gov/dynamicapp/staMeta?station_id=MCS
MMR,Miramar,Miramar,none,6682,https://cdec.water.ca.gov/dynamicapp/staMeta?station_id=MMR
MDO,Modesto Reservoir,,Tuolumne River,29000,https://cdec.water.ca.gov/dynamicapp/staMeta?station_id=MDO
BER,Montecello,Lake Berryessa,Putah Creek,1602000,https://cdec.water.ca.gov/dynamicapp/staMeta?station_id=BER
MOR,Morena,Morena Lake,Cottonwood Creek,50694,https://cdec.water.ca.gov/dynamicapp/staMeta?station_id=MOR
MRR,Murray,Murray Reservoir,Chaparral Canyon,4684,https://cdec.water.ca.gov/dynamicapp/staMeta?station_id=MRR
NCM,Nacimiento,Lake Nacimiento,Nacimiento River,382770,https://cdec.water.ca.gov/dynamicapp/staMeta?station_id=NCM
NAT,Natoma,Lake Natoma,American River,9000,https://cdec.water.ca.gov/dynamicapp/staMeta?station_id=NAT
BUL,New Bullards Bar,Bullards Bar Reservoir,N Fork Yuba River,966000,https://cdec.water.ca.gov/dynamicapp/staMeta?station_id=BUL
MCR,New Exchequer,Lake McClure,Merced River,1024600,https://cdec.water.ca.gov/dynamicapp/staMeta?station_id=MCR
EXC,New Exchequer,Lake McClure,Merced River,1024600,https://cdec.water.ca.gov/dynamicapp/staMeta?station_id=EXC
NHG,New Hogan,New Hogan Lake,Calaveras River,317000,https://cdec.water.ca.gov/dynamicapp/staMeta?station_id=NHG
NML,New Melones,New Melones Reservoir,Stanislaus River,2400000,https://cdec.water.ca.gov/dynamicapp/staMeta?station_id=NML
SPM,New Spicer Meadow,New Spicer Meadow Reservoir,N Fork Stanislaus River,189000,https://cdec.water.ca.gov/dynamicapp/staMeta?station_id=SPM
NWL,Newell Creek,null,Newell Creek,8991,https://cdec.water.ca.gov/dynamicapp/staMeta?station_id=NWL
NCA,Nicasio,Nicasio Reservoir,Nicasio Creek,22400,https://cdec.water.ca.gov/dynamicapp/staMeta?station_id=NCA
ONF,O Neill Forebay,,San Luis Creek,56400,https://cdec.water.ca.gov/dynamicapp/staMeta?station_id=ONF
HTH,O Shanessey,Hetch-Hetchy Reservoir,Tuolumne River,360000,https://cdec.water.ca.gov/dynamicapp/staMeta?station_id=HTH
OLH,Olivenhain,null,Escondido Creek,24000,https://cdec.water.ca.gov/dynamicapp/staMeta?station_id=OLH
ORO,Oroville,Lake Oroville,Feather River,3537577,https://cdec.water.ca.gov/dynamicapp/staMeta?station_id=ORO
LOT,Otay,Lower Otay,Otay River,49849,https://cdec.water.ca.gov/dynamicapp/staMeta?station_id=LOT
OWN,Owens Creek,Owens Creek Dam,Owens Creek,3600,https://cdec.water.ca.gov/dynamicapp/staMeta?station_id=OWN
PAR,Pardee Reservoir,Pardee Res,Mokelumne River,203795,https://cdec.water.ca.gov/dynamicapp/staMeta?station_id=PAR
HVS,Parker Dam,Lake Havasu,Colorado River,648000,https://cdec.water.ca.gov/dynamicapp/staMeta?station_id=HVS
PRR,Perris,Perris Lake,none,131452,https://cdec.water.ca.gov/dynamicapp/staMeta?station_id=PRR
LPY,Pillsbury,Lake Pillsbury,Eel River,80500,https://cdec.water.ca.gov/dynamicapp/staMeta?station_id=LPY
PNF,Pine Flat,Pine Flat Dam,Kings River,1000000,https://cdec.water.ca.gov/dynamicapp/staMeta?station_id=PNF
PT6,Pit No. 6,Pit No. 6,Pit River,15890,https://cdec.water.ca.gov/dynamicapp/staMeta?station_id=PT6
PT7,Pit No. 7,Pit No. 7,Pit River,34610,https://cdec.water.ca.gov/dynamicapp/staMeta?station_id=PT7
BIT,Pit Number 3,Lake Britton,Pit River,40620,https://cdec.water.ca.gov/dynamicapp/staMeta?station_id=BIT
PVP,Potter Valley PH,null,EF Russian River,null,https://cdec.water.ca.gov/dynamicapp/staMeta?station_id=PVP
PRA,Prado,null,Santa Ana River,314400,https://cdec.water.ca.gov/dynamicapp/staMeta?station_id=PRA
PRS,Prosser,Prosser Reservoir,Prosser Creek,29800,https://cdec.water.ca.gov/dynamicapp/staMeta?station_id=PRS
PYM,Pyramid,Pyramid Lake,Piru Creek,180000,https://cdec.water.ca.gov/dynamicapp/staMeta?station_id=PYM
QUL,Quail,Quail Lake,none,5654,https://cdec.water.ca.gov/dynamicapp/staMeta?station_id=QUL
RLC,Railroad Canyon,Railroad Canyon Reservoir,San Jacinto River,11847,https://cdec.water.ca.gov/dynamicapp/staMeta?station_id=RLC
RDN,Redinger,Redinger Lake,San Joaquin River,35000,https://cdec.water.ca.gov/dynamicapp/staMeta?station_id=RDN
RLF,Relief,Relief Reservoir,M Fork Stanislaus River,15554,https://cdec.water.ca.gov/dynamicapp/staMeta?station_id=RLF
RLL,Rollins,Rollins Reservoir,Bear River,66000,https://cdec.water.ca.gov/dynamicapp/staMeta?station_id=RLL
RBL,Rubicon Lake,Rubicon Lake,Rubicon River,1450,https://cdec.water.ca.gov/dynamicapp/staMeta?station_id=RBL
RTD,Ruth,Ruth Lake,Mad River,61000,https://cdec.water.ca.gov/dynamicapp/staMeta?station_id=RTD
SDB,Saddlebag,Saddlebag Lake,Lee Vining Creek,9465,https://cdec.water.ca.gov/dynamicapp/staMeta?station_id=SDB
SLN,Salinas,Santa Margarita Lake,Salinas River,26000,https://cdec.water.ca.gov/dynamicapp/staMeta?station_id=SLN
SLS,Salt Springs,,N Fork Mokelumne River,141900,https://cdec.water.ca.gov/dynamicapp/staMeta?station_id=SLS
SNN,San Andreas,San Andreas Lake,San Mateo Creek Tributary,19027,https://cdec.water.ca.gov/dynamicapp/staMeta?station_id=SNN
SAT,San Antonio,San Antonio Reservoir,Alameda Creek Tributary,50500,https://cdec.water.ca.gov/dynamicapp/staMeta?station_id=SAT
SGB,San Gabriel No. 1,San Gabriel Reservoir,San Gabriel,44440,https://cdec.water.ca.gov/dynamicapp/staMeta?station_id=SGB
SNL,San Luis,San Luis Reservoir,San Luis Creek,2041000,https://cdec.water.ca.gov/dynamicapp/staMeta?station_id=SNL
LUS,San Luis,San Luis Reservoir (SWP),San Luis Creek,1062000,https://cdec.water.ca.gov/dynamicapp/staMeta?station_id=LUS
SLF,San Luis,San Luis Reservoir (CVP),San Luis Creek,971000,https://cdec.water.ca.gov/dynamicapp/staMeta?station_id=SLF
SPB,San Pablo,San Pablo Reservoir,San Pablo,43193,https://cdec.water.ca.gov/dynamicapp/staMeta?station_id=SPB
SVT,San Vicente,San Vicente Reservoir,San Vicente Creek,249358,https://cdec.water.ca.gov/dynamicapp/staMeta?station_id=SVT
PRU,Santa Felicia,Lake Piru,Piru Creek,83244,https://cdec.water.ca.gov/dynamicapp/staMeta?station_id=PRU
SGC,Santiago Creek,,Santiago Creek,25000,https://cdec.water.ca.gov/dynamicapp/staMeta?station_id=SGC
SCD,Scott Dam,Lake Pillsbury,Eel River,80500,https://cdec.water.ca.gov/dynamicapp/staMeta?station_id=SCD
SFL,Scotts Flat,Scotts Flat Reservoir,Deer Creek,49000,https://cdec.water.ca.gov/dynamicapp/staMeta?station_id=SFL
SVO,Seven Oaks,null,Santa Ana River,145600,https://cdec.water.ca.gov/dynamicapp/staMeta?station_id=SVO
SHA,Shasta,Lake Shasta,Sacramento River,4552000,https://cdec.water.ca.gov/dynamicapp/staMeta?station_id=SHA
SHV,Shaver,Shaver Lake,San Joaquin River,135283,https://cdec.water.ca.gov/dynamicapp/staMeta?station_id=SHV
SIV,Silver,Silver Lake,Silver Fork American River,8640,https://cdec.water.ca.gov/dynamicapp/staMeta?station_id=SIV
SKN,Skinner Clearwell,Skinner Lake,none,43800,https://cdec.water.ca.gov/dynamicapp/staMeta?station_id=SKN
SLB,Slab Creek,Slab Creek Reservoir,S Fork American River,16600,https://cdec.water.ca.gov/dynamicapp/staMeta?station_id=SLB
SLC,Sly Creek,,Lost Creek,65050,https://cdec.water.ca.gov/dynamicapp/staMeta?station_id=SLC
JNK,Sly Park,Jenkinson Lake,Cosumnes River,41000,https://cdec.water.ca.gov/dynamicapp/staMeta?station_id=JNK
SOL,Solano,Lake Solano,Putah Creek,720,https://cdec.water.ca.gov/dynamicapp/staMeta?station_id=SOL
SLJ,Soulajule,Soulajule,San Francisco Bay,10700,https://cdec.water.ca.gov/dynamicapp/staMeta?station_id=SLJ
SKR,South Lake,South Lake,Bishop Creek,12900,https://cdec.water.ca.gov/dynamicapp/staMeta?station_id=SKR
SLK,South Lake,South Lake,Bishop Creek,12900,https://cdec.water.ca.gov/dynamicapp/staMeta?station_id=SLK
SPG,Spaulding,Spaulding Lake,S Fork Yuba River,74773,https://cdec.water.ca.gov/dynamicapp/staMeta?station_id=SPG
SPC,Spring Creek,Spring Creek Debris Dam,Spring Creek,5874,https://cdec.water.ca.gov/dynamicapp/staMeta?station_id=SPC
STP,Stampede,Stampede Lake,Little Truckee River,226500,https://cdec.water.ca.gov/dynamicapp/staMeta?station_id=STP
SWV,Statewide Storage Estimate 154,Total,none,38121900,https://cdec.water.ca.gov/dynamicapp/staMeta?station_id=SWV
SEC,Stevens Creek,Stevens Creek Reservoir,Stevens Creek,3056,https://cdec.water.ca.gov/dynamicapp/staMeta?station_id=SEC
STG,Stony Gorge,Stony Gorge Reservoir,Stony Creek,50000,https://cdec.water.ca.gov/dynamicapp/staMeta?station_id=STG
SCC,Success,Lake Success,Tule River,82300,https://cdec.water.ca.gov/dynamicapp/staMeta?station_id=SCC
STD,Sutherland,Sutherland Lake,Santa Ysabel Creek,29508,https://cdec.water.ca.gov/dynamicapp/staMeta?station_id=STD
SW3,Sweetwater,Sweetwater Reservoir,Sweetwater Creek,27700,https://cdec.water.ca.gov/dynamicapp/staMeta?station_id=SW3
TRM,Terminus,Lake Kaweah,Kaweah River,185600,https://cdec.water.ca.gov/dynamicapp/staMeta?station_id=TRM
TAB,Thermalito,Thermalito Afterbay,Feather River,57041,https://cdec.water.ca.gov/dynamicapp/staMeta?station_id=TAB
TMT,Thermalito,Thermalito System,Feather River,81264,https://cdec.water.ca.gov/dynamicapp/staMeta?station_id=TMT
THD,Thermalito Diversion Pool,null,Feather River,13328,https://cdec.water.ca.gov/dynamicapp/staMeta?station_id=THD
TNM,Tinemaha,Tinemaha Reservoir,Owens River,16405,https://cdec.water.ca.gov/dynamicapp/staMeta?station_id=TNM
CLE,Trinity,Trinity Lake,Trinity River,2447650,https://cdec.water.ca.gov/dynamicapp/staMeta?station_id=CLE
TUL,Tulloch,Tulloch Reservoir,Stanislaus River,67000,https://cdec.water.ca.gov/dynamicapp/staMeta?station_id=TUL
TLC,Turlock,Turlock Lake,Tuolumne River,45600,https://cdec.water.ca.gov/dynamicapp/staMeta?station_id=TLC
TWT,Twitchell,Twitchell Reservoir,Cuyama River,240000,https://cdec.water.ca.gov/dynamicapp/staMeta?station_id=TWT
UNV,Union Valley,Union Valley Reservoir,S Fork American River,266369,https://cdec.water.ca.gov/dynamicapp/staMeta?station_id=UNV
KLM,Upper Klamath,Upper Klamath,Klamath River,515615,https://cdec.water.ca.gov/dynamicapp/staMeta?station_id=KLM
SJT,Upper San Joaquin R Total,null,San Joaquin River,617300,https://cdec.water.ca.gov/dynamicapp/staMeta?station_id=SJT
USL,Upper San Leandro,U San Leandro R,Alameda Creek,37960,https://cdec.water.ca.gov/dynamicapp/staMeta?station_id=USL
UTI,Utica,Utica Reservoir,NF Stanislaus River,2400,https://cdec.water.ca.gov/dynamicapp/staMeta?station_id=UTI
UVA,Uvas,Uvas Reservoir,Uvas Creek,9688,https://cdec.water.ca.gov/dynamicapp/staMeta?station_id=UVA
VIL,Vail,Vail Reservoir,Temecula Creek,51000,https://cdec.water.ca.gov/dynamicapp/staMeta?station_id=VIL
VAR,Van Arsdale,Van Arsdale Reservoir,Eel River,700,https://cdec.water.ca.gov/dynamicapp/staMeta?station_id=VAR
TAE,Vermilion Valley,Thomas A. Edison,S Fork San Joaquin River,125000,https://cdec.water.ca.gov/dynamicapp/staMeta?station_id=TAE
EDS,Vermillion Valley,Thomas A. Edison Lake,S Fork San Joaquin River,125000,https://cdec.water.ca.gov/dynamicapp/staMeta?station_id=EDS
VLP,Villa Park,Villa Park Reservoir,Santiago Creek,15600,https://cdec.water.ca.gov/dynamicapp/staMeta?station_id=VLP
WRS,Warm Springs,Warm Springs Reservoir,Russian River,381000,https://cdec.water.ca.gov/dynamicapp/staMeta?station_id=WRS
WHR,Whale Rock,Whale Rock Lake,Old Creek,38967,https://cdec.water.ca.gov/dynamicapp/staMeta?station_id=WHR
WHI,Whiskeytown,Whiskeytown Lake,Clear Creek,241100,https://cdec.water.ca.gov/dynamicapp/staMeta?station_id=WHI
WSN,Wishon,Lake Wishon,Helms Creek,128300,https://cdec.water.ca.gov/dynamicapp/staMeta?station_id=WSN
